Idd_VddMin;Idd_VddNom;Idd_VddMax;V_reg_VddMax;V_reg_VddMin;V_reg_VddNom_
11.866317;12.3052;12.519141;3.380607;3.37946;3.380316
11.834134;12.306551;12.531825;3.40472;3.403985;3.404498
11.923865;12.357491;12.573633;?;?;?
11.801139;12.208509;12.422095;3.363014;3.361772;3.362584
11.903077;12.334954;12.548171;3.378593;3.377921;3.378157
11.992683;12.478498;12.705623;3.42531;3.424494;3.424875
11.856148;12.410583;12.639482;3.454423;3.452912;3.453825
11.867521;12.347378;12.571904;3.430262;3.429381;3.429885
11.785839;12.171548;12.376309;3.342636;3.34208;3.342758
11.847346;12.286469;12.508846;3.391768;3.391029;3.391462
11.857517;12.33527;12.559321;3.422955;3.422352;3.422901
11.901138;12.426911;12.657819;3.429542;3.428441;3.429363
11.8959;12.40053;12.629712;3.423758;3.423326;3.423972
11.880315;12.335669;12.559776;3.404866;3.403876;3.404487
11.894178;12.505342;12.737285;3.486292;3.485115;3.485787
11.776511;12.201981;12.410322;3.380888;3.380285;3.380642
11.950717;12.520967;12.751039;3.460051;3.458801;3.459738
11.820988;12.251047;12.470933;3.392591;3.391353;3.392128
?;?;?;?;?;?
11.714096;12.13262;12.340944;3.378561;3.37778;3.378756
11.764406;12.137156;12.34165;3.332456;3.331758;3.332154
11.808109;12.206218;12.414235;3.369852;3.369084;3.369667
?;?;?;?;?;?
11.859891;12.327689;12.553426;3.390241;3.389555;3.390043
11.816423;12.372961;12.597504;3.461629;3.460708;3.461621
11.907001;12.359887;12.582551;3.404737;3.403538;3.404298
11.88637;12.360021;12.582827;3.416388;3.415149;3.416082
11.882255;12.332789;12.553073;3.397198;3.396697;3.397158
11.728099;12.21145;12.438992;3.430657;3.429747;3.430586
11.922015;12.42445;12.651278;3.441464;3.440785;3.441588
11.785047;12.204976;12.417313;3.376011;3.375124;3.375786
11.829602;12.209835;12.410036;3.345346;3.34459;3.345341
11.876343;12.288812;12.503152;3.362369;3.361298;3.361906
11.936243;12.468874;12.699716;3.445796;3.444605;3.445152
11.728402;12.110036;12.316751;3.349774;3.349358;3.350028
11.86025;12.320662;12.540642;3.419798;3.418697;3.419654
11.947289;12.441668;12.675838;3.419805;3.4189;3.419547
11.947048;12.370072;12.587029;3.374612;3.373526;3.374313
11.861224;12.243236;12.450034;3.338022;3.336837;3.337291
11.899182;12.350616;12.570333;3.40316;3.402172;3.402904
11.9197;12.316189;12.527844;3.351164;3.350627;3.351162
11.718621;12.068229;12.273445;3.295878;3.295257;3.29592
11.905364;12.33936;12.552345;3.380928;3.380271;3.380895
11.934436;12.344399;12.55558;3.375947;3.374994;3.375624
11.887138;12.318698;12.531964;3.380628;3.380018;3.380823
11.842808;12.240558;12.451815;3.353981;3.35318;3.35383
11.668421;12.054566;12.258692;3.364822;3.363942;3.364401
11.813368;12.254236;12.472466;3.402651;3.401829;3.402423
11.70124;12.093211;12.301088;3.357741;3.357076;3.357588
11.92072;12.319561;12.531549;3.347389;3.346361;3.346978
11.79363;12.187081;12.396562;3.357743;3.356813;3.357436
11.910079;12.371483;12.593368;3.40036;3.399594;3.400133
11.865993;12.414179;12.64274;3.448015;3.446939;3.447692
11.665631;12.074926;12.283713;3.385034;3.384449;3.384738
11.844207;12.281901;12.490327;3.390622;3.389355;3.389991
11.86948;12.375812;12.597965;3.431988;3.43106;3.431976
11.791166;12.216374;12.431159;3.375652;3.37498;3.375314
11.810133;12.359554;12.584697;3.467589;3.466376;3.467105
11.845353;12.319107;12.543244;3.410619;3.410004;3.410142
11.85617;12.272386;12.479415;3.379713;3.379128;3.379441
12.080795;12.572053;12.798466;3.416257;3.41506;3.416053
11.827701;12.227883;12.440529;3.355715;3.35441;3.355089
11.88501;12.356063;12.578444;3.416889;3.416117;3.416732
11.963387;12.445216;12.666333;3.419588;3.418871;3.419607
11.985175;12.484543;12.712751;3.42762;3.42688;3.427319
11.682329;12.070199;12.274592;3.35119;3.350297;3.350896
11.783947;12.199881;12.409452;3.370042;3.368792;3.369414
11.565498;11.902699;12.103641;3.292011;3.291419;3.291697
11.972037;12.438464;12.662044;3.403934;3.403172;3.403722
11.794554;12.20717;12.41777;3.36252;3.361795;3.362236
11.805236;12.239426;12.44983;3.379729;3.378819;3.379506
11.83161;12.248805;12.457591;3.36975;3.368973;3.369413
11.794462;12.221707;12.437436;3.402587;3.401527;3.402215
11.819319;12.274629;12.496396;3.409458;3.408479;3.409074
11.794848;12.192139;12.398733;3.354396;3.354219;3.354583
11.772362;12.160096;12.363481;3.360643;3.36001;3.36041
12.108497;12.519808;12.739361;3.355428;3.354274;3.354557
11.875066;12.266035;12.48028;3.340702;3.339725;3.340368
12.271245;12.672567;12.889021;3.330834;3.329996;3.330719
11.865668;12.281589;12.49068;3.37931;3.378509;3.37903
11.875668;12.32653;12.552351;3.401906;3.400929;3.401472
12.314223;12.735785;12.952519;3.346314;3.345011;3.345592
11.912578;12.458253;12.685129;3.458844;3.457884;3.458291
12.257157;12.70944;12.926995;3.36858;3.367668;3.368259
11.791546;12.185192;12.394663;3.365459;3.364501;3.364897
11.775395;12.173903;12.386262;3.355244;3.35452;3.354954
11.733461;12.120301;12.326692;3.347748;3.346657;3.347414
11.791999;12.223728;12.432884;3.386662;3.385571;3.386033
11.807063;12.26249;12.484256;3.406646;3.405534;3.406029
11.830541;12.271003;12.492964;3.392006;3.391205;3.391771
11.711895;12.099188;12.303388;3.356644;3.355753;3.356353
11.691108;12.112291;12.3245;3.373029;3.371883;3.372552
11.797795;12.215699;12.422521;3.387641;3.38672;3.387403
11.9369;12.405809;12.62975;?;?;?
11.808416;12.287459;12.506983;3.421552;3.420877;3.42157
11.653321;12.057502;12.261505;3.382513;3.38175;3.382056
11.938698;12.50019;12.728176;3.471059;3.470429;3.470911
11.803306;12.216736;12.429649;3.370031;3.368919;3.369485
11.86815;12.337399;12.558623;3.419118;3.418296;3.41872
11.736526;12.152243;12.359132;3.383483;3.382674;3.383396
11.935948;12.460369;12.689782;3.446383;3.44515;3.445889
11.79349;12.181859;12.391979;3.351107;3.350467;3.350783
11.738566;12.138538;12.346011;3.373935;3.373143;3.373469
11.861773;12.39891;12.624272;3.460757;3.459803;3.460485
11.877871;12.376701;12.606669;3.436272;3.435233;3.435659
11.863521;12.334058;12.561227;3.408537;3.407943;3.408534
11.709805;12.157089;12.376972;3.408473;3.407712;3.407774
11.773287;12.161724;12.366875;3.35771;3.356903;3.357633
11.696573;12.031236;12.23391;3.296925;3.296484;3.296622
11.853816;12.246025;12.457624;3.34564;3.344855;3.345216
11.866559;12.364876;12.587894;3.431445;3.430106;3.431019
11.814894;12.258491;12.476129;3.395404;3.394602;3.395199
11.934837;12.388228;12.609068;3.407599;3.406908;3.407552
11.916233;12.40197;12.632516;3.415839;3.414761;3.415273
11.865478;12.370146;12.600295;3.426994;3.426145;3.426478
11.837428;12.220898;12.429628;3.341801;3.340952;3.341441
11.918932;12.384201;12.613049;3.419393;3.418699;3.419476
11.713829;12.069746;12.274601;3.321001;3.319939;3.320476
11.698383;12.144586;12.361279;3.41782;3.416593;3.417655
11.950254;12.421176;12.646076;3.398459;3.397395;3.398207
11.901155;12.405624;12.633852;3.433206;3.432116;3.432805
11.934883;12.39529;12.621461;3.396506;3.395641;3.396261
11.944039;12.402283;12.626106;3.390798;3.389925;3.390476
11.836993;12.24482;12.455427;3.356253;3.355556;3.356284
11.856298;12.26899;12.482747;3.365628;3.36498;3.365345
11.805165;12.219808;12.43211;3.370595;3.36982;3.370607
11.995376;12.441486;12.66174;3.395273;3.394753;3.394943
11.824273;12.195921;12.404449;3.337098;3.335911;3.33631
11.874195;12.236094;12.446759;3.326703;3.326047;3.326336
11.816193;12.278986;12.498894;3.424015;3.423216;3.423865
11.826265;12.193203;12.400685;3.314548;3.313538;3.31421
11.981185;12.420101;12.641023;3.378442;3.377679;3.37862
11.775103;12.191516;12.402468;3.385033;3.384516;3.3848
11.851318;12.238273;12.451278;3.339165;3.338183;3.338846
11.819172;12.264126;12.478397;3.395457;3.394675;3.395275
11.726526;12.093263;12.296507;3.333294;3.332256;3.332893
11.82907;12.231558;12.438093;3.372676;3.371499;3.372019
11.844436;12.308201;12.536416;3.402358;3.401318;3.402165
11.808167;12.235246;12.448665;3.383783;3.383198;3.38379
11.892615;12.349441;12.571047;3.405956;3.405557;3.405727
11.78414;12.148094;12.350547;3.325988;3.324903;3.326054
11.86118;12.332226;12.557009;3.406503;3.4055;3.406266
11.862481;12.295486;12.508499;3.38369;3.38254;3.383248
11.846067;12.256909;12.470449;3.360958;3.360145;3.360655
11.878399;12.28972;12.496578;3.362216;3.361299;3.361702
11.839293;12.359017;12.590914;3.442823;3.442022;3.442567
11.993932;12.425949;12.648311;3.365371;3.364325;3.36514
11.881413;12.383195;12.609751;3.433683;3.432677;3.433294
11.906868;12.353806;12.575654;3.398745;3.397969;3.398854
11.883115;12.290689;12.506544;3.359317;3.358572;3.359153
11.806355;12.18192;12.387987;3.341973;3.341204;3.341907
11.948774;12.396765;12.610277;3.384465;3.383508;3.383628
11.923913;12.3485;12.560128;3.377223;3.37668;3.377323
11.738113;12.143958;12.354975;3.354286;3.353365;3.354115
11.718757;12.158208;12.376742;3.407837;3.406725;3.407348
11.842671;12.291005;12.512389;3.401406;3.400526;3.400954
11.97963;12.501671;12.733731;3.447294;3.446336;3.447361
12.02114;12.575354;12.811062;3.441886;3.440531;3.441193
11.69793;12.046159;12.244493;3.311329;3.31049;3.3111
11.8031;12.219021;12.427362;3.379998;3.379452;3.380049
11.814164;12.275258;12.499227;3.413832;3.412596;3.413308
11.891875;12.310616;12.523261;3.368447;3.367728;3.368422
11.846786;12.320355;12.540692;3.406884;3.40582;3.406411
11.968486;12.37042;12.579722;3.354425;3.353744;3.354216
11.390262;11.962067;12.180045;3.499086;3.497912;3.498746
11.899128;12.349757;12.574678;3.395837;3.395069;3.395633
11.610435;12.011294;12.216464;3.381679;3.380925;3.381497
11.919579;12.338708;12.549105;3.369404;3.368572;3.369208
11.903026;12.44612;12.669608;3.464852;3.464001;3.464427
12.045794;12.559959;12.791792;3.431749;3.430671;3.431424
11.870453;12.41954;12.643975;3.464326;3.463312;3.463836
11.829907;12.254291;12.463355;3.384716;3.383785;3.384193
11.834523;12.264222;12.485228;3.390457;3.389891;3.390397
11.985598;12.523316;12.758756;3.448262;3.447375;3.448114
11.774153;12.22129;12.440692;3.399023;3.398434;3.399274
11.881542;12.352788;12.574671;3.41824;3.417434;3.418118
11.917219;12.404069;12.63001;3.426202;3.425168;3.426123
11.860533;12.302632;12.519838;3.386739;3.385927;3.386157
11.902663;12.362516;12.585933;3.403574;3.40276;3.403323
11.803266;12.232553;12.449784;3.391538;3.390821;3.391301
11.831116;12.226012;12.437613;3.362856;3.362344;3.362923
11.833029;12.203164;12.41111;3.330194;3.329466;3.329877
11.82215;12.235384;12.445077;3.372667;3.371519;3.372209
11.759033;12.156916;12.363638;3.361763;3.360958;3.361397
11.945725;12.395552;12.619854;3.403529;3.402712;3.403464
11.881533;12.328285;12.549247;3.394403;3.393563;3.394072
11.902515;12.362378;12.584288;3.40503;3.404145;3.405121
11.875816;12.385719;12.610083;3.435974;3.435258;3.435873
11.857531;12.364064;12.591986;3.436114;3.435329;3.435958
12.016219;12.46423;12.684692;3.379321;3.378458;3.379026
11.760761;12.196163;12.411016;3.396521;3.395427;3.396347
11.746868;12.120135;12.320919;3.333338;3.332332;3.332864
11.76029;12.167963;12.375877;3.36924;3.368303;3.368755
11.874372;12.323586;12.535454;3.387429;3.386491;3.387206
11.81553;12.257552;12.469131;3.385668;3.384866;3.385587
11.750875;12.221843;12.443624;3.420746;3.419458;3.420201
11.860826;12.343594;12.563442;?;?;?
11.751;12.163506;12.372968;3.36976;3.369434;3.369884
11.760021;12.192583;12.406706;3.406301;3.405526;3.406088
11.572399;11.97102;12.171415;3.383378;3.382648;3.383328
11.737987;12.140818;12.348334;3.374051;3.372632;3.373198
11.907843;12.365604;12.588731;3.397172;3.396253;3.396775
11.825046;12.274143;12.489985;3.40555;3.404636;3.405385
11.785931;12.218512;12.432894;3.392132;3.391458;3.392135
11.952697;12.429336;12.651758;3.414185;3.413494;3.414452
11.973757;12.505231;12.739375;3.443037;3.442184;3.442813
11.826765;12.248008;12.466069;3.390488;3.389671;3.390531
11.763665;12.264253;12.483982;3.440968;3.440033;3.440734
11.869816;12.339011;12.560017;3.42271;3.421485;3.422243
11.882726;12.34441;12.568887;3.411214;3.410142;3.411026
11.881902;12.353694;12.5728;3.420017;3.419234;3.420046
11.960733;12.471376;12.700272;3.432665;3.431633;3.432346
11.977472;12.427484;12.650758;3.398158;3.397513;3.397892
11.966189;12.399722;12.616724;3.393072;3.392376;3.392723
11.811774;12.229753;12.444522;3.392128;3.39137;3.392062
11.965461;12.386467;12.597723;3.374804;3.37366;3.37441
11.865603;12.329938;12.548481;3.415808;3.41477;3.415563
11.925235;12.419935;12.648298;3.417031;3.416372;3.416784
11.796283;12.195552;12.404708;3.357296;3.356556;3.356726
11.863782;12.288618;12.494147;3.372601;3.371516;3.372273
11.818367;12.228059;12.436881;3.365649;3.364644;3.365428
11.742757;12.129822;12.336907;3.362699;3.361888;3.362326
11.87024;12.289929;12.500583;3.380522;3.379755;3.380221
11.900607;12.353695;12.572563;3.394594;3.393812;3.394346
11.836865;12.224309;12.439705;3.355887;3.355175;3.35572
11.800586;12.193229;12.403839;3.348448;3.34785;3.348705
11.774328;12.188432;12.403237;3.38306;3.381995;3.383036
11.781362;12.178523;12.38506;3.356721;3.356155;3.356641
12.019727;12.469979;12.691847;3.404793;3.404052;3.404425
11.79053;12.154181;12.360673;3.320473;3.320008;3.320472
11.897337;12.407287;12.635881;3.43428;3.433159;3.434068
11.867297;12.290071;12.497627;3.376291;3.375616;3.375985
11.902591;12.351139;12.572775;3.401419;3.400454;3.401152
11.950046;12.410712;12.635606;3.401862;3.401148;3.401577
11.709509;12.110545;12.314614;3.368446;3.367494;3.368026
11.789021;12.256604;12.475362;3.420837;3.419809;3.420628
11.918913;12.361361;12.58058;3.400107;3.399157;3.399787
11.731832;12.088266;12.293242;3.324024;3.323025;3.323773
11.741896;12.181514;12.397069;3.415425;3.414516;3.41528
12.005246;12.459396;12.681808;3.402928;3.401934;3.4027
11.863076;12.274628;12.488209;3.378614;3.378186;3.378593
11.840088;12.292373;12.516378;3.410554;3.409504;3.409923
11.753557;12.25891;12.480496;3.44083;3.439754;3.440264
11.891079;12.391445;12.616612;3.431493;3.430374;3.431236
12.162333;12.517039;12.726269;3.290104;3.28933;3.289594
11.739057;12.200176;12.420177;3.423736;3.422568;3.423724
11.964191;12.409072;12.62889;3.392157;3.390759;3.39173
11.868731;12.352575;12.574174;3.419378;3.41827;3.419055
11.798045;12.23703;12.457582;3.397698;3.396999;3.397544
11.839856;12.274508;12.494887;3.388705;3.387713;3.388086
11.738604;12.127617;12.332157;3.358279;3.357523;3.358018
11.811749;12.317534;12.539882;3.437689;3.436697;3.437454
11.771455;12.189563;12.404319;3.389953;3.389059;3.389784
11.829939;12.319839;12.542781;3.424996;3.423961;3.424817
11.781108;12.178093;12.382938;3.355628;3.355129;3.355794
11.825733;12.259275;12.474878;3.380994;3.380262;3.380699
11.824923;12.338326;12.564878;3.442224;3.441366;3.441917
11.861198;12.326167;12.5502;3.394903;3.394056;3.394862
11.710757;12.198651;12.419043;3.428155;3.427276;3.427776
11.97718;12.479349;12.703592;3.433278;3.432292;3.433064
11.762475;12.217291;12.433307;3.416468;3.415456;3.416106
11.803528;12.191508;12.400897;3.345468;3.344658;3.345292
11.816942;12.285295;12.502995;3.418892;3.418191;3.418309
11.857076;12.436531;12.664306;3.480022;3.478855;3.479397
11.980296;12.41855;12.637769;3.378288;3.377153;3.378054
11.867453;12.32637;12.545352;3.41287;3.411919;3.412646
11.943586;12.459066;12.684701;3.43819;3.437004;3.43779
11.749744;12.172565;12.388455;3.393435;3.392564;3.39326
11.974778;12.391765;12.605021;3.376219;3.37563;3.376207
12.023342;12.51672;12.739625;3.428643;3.427638;3.428211
11.829752;12.305364;12.52116;3.416929;3.416187;3.416335
11.793128;12.193711;12.4011;3.362718;3.361947;3.362438
12.010922;12.413004;12.627436;3.349133;3.348314;3.348613
11.812806;12.32391;12.552624;3.445312;3.444839;3.44508
11.764563;12.155102;12.365635;3.339088;3.338282;3.338862
11.913408;12.313761;12.51978;3.360103;3.359213;3.359702
11.931746;12.356185;12.568248;3.384238;3.383278;3.383764
11.795451;12.216986;12.428419;3.386132;3.38553;3.385984
11.878572;12.260299;12.46963;3.337737;3.33668;3.337142
11.986254;12.42666;12.645057;3.387229;3.386288;3.386887
11.782205;12.175286;12.388237;3.361078;3.360682;3.360882
11.988132;12.470641;12.698689;3.414522;3.413773;3.41389
11.828846;12.203144;12.414269;3.331534;3.330594;3.330679
11.592046;11.966811;12.167012;3.34713;3.346067;3.346468
11.904535;12.312134;12.523835;3.369428;3.368414;3.368968
11.84722;12.344225;12.572504;3.432578;3.43141;3.432067
11.899501;12.362129;12.58204;3.405052;3.404098;3.40476
11.719033;12.123408;12.329299;3.364993;3.363896;3.364847
11.804017;12.21768;12.427613;?;?;?
11.805655;12.230251;12.441407;3.378198;3.37705;3.377362
11.870027;12.317608;12.535687;3.404513;3.40343;3.404084
11.892069;12.3529;12.56854;3.399792;3.399144;3.399867
11.935699;12.335539;12.543565;3.362423;3.361535;3.361972
11.814231;12.365207;12.593596;3.46683;3.46583;3.466581
11.752077;12.190503;12.406697;3.393917;3.393162;3.393371
11.773222;12.192287;12.400082;3.380875;3.380207;3.380476
11.825432;12.242955;12.453101;3.378813;3.377836;3.378426
11.909462;12.39183;12.619759;3.411269;3.410191;3.411152
11.810515;12.214491;12.421585;3.361927;3.361387;3.361706
11.819279;12.297704;12.520291;3.435502;3.434255;3.435085
11.868797;12.395265;12.624908;3.445697;3.444796;3.445524
11.87033;12.283177;12.502279;3.368126;3.367185;3.368045
12.022075;12.489603;12.711947;3.410441;3.409733;3.410206
11.823875;12.311255;12.536877;3.430865;3.429786;3.430613
11.836967;12.207376;12.418068;3.329185;3.327975;3.328685
11.755921;12.176096;12.389148;3.375848;3.375155;3.375545
11.694064;12.064581;12.268243;3.349192;3.348167;3.348902
11.786227;12.176311;12.383006;3.359106;3.358183;3.358676
11.830126;12.229549;12.441963;3.361024;3.35977;3.360466
11.939787;12.43062;12.65964;3.421856;3.420875;3.421629
11.779961;12.164322;12.370945;3.340489;3.339324;3.339978
11.693549;12.108793;12.319244;3.378444;3.377766;3.378236
11.817395;12.185156;12.392339;3.326128;3.325383;3.325565
11.791464;12.237273;12.454942;3.387651;3.387028;3.387355
11.927606;12.380383;12.598631;3.401538;3.400407;3.40095
11.909403;12.330263;12.54064;3.369513;3.368459;3.369404
11.841763;12.296256;12.515985;3.417339;3.416198;3.41674
11.888286;12.32736;12.549552;3.388558;3.388112;3.388761
12.010514;12.444841;12.656745;3.382372;3.381273;3.381783
11.901587;12.398512;12.623475;3.428078;3.427086;3.427934
11.924246;12.327846;12.541657;3.353526;3.352538;3.35348
11.981204;12.470789;12.704868;3.412472;3.411718;3.412256
11.6036;11.966661;12.166589;3.340069;3.339569;3.339784
11.760206;12.138081;12.342491;3.335247;3.334505;3.334802
12.024643;12.518428;12.749109;3.421762;3.420841;3.421597
11.958048;12.441482;12.66384;3.415922;3.414866;3.41558
11.749812;12.149692;12.360271;3.369547;3.368684;3.369354
11.868287;12.2901;12.501143;3.371145;3.370285;3.370832
11.815942;12.23702;12.453453;3.385583;3.384716;3.38521
11.828913;12.283695;12.504176;3.408858;3.407905;3.408327
12.03221;12.525708;12.750363;3.42614;3.425226;3.425751
11.718247;12.092274;12.297988;3.333084;3.332695;3.333091
11.883148;12.329077;12.549073;3.399437;3.398802;3.399414
11.938621;12.354133;12.567888;3.365746;3.364874;3.36558
11.854667;12.294221;12.515834;3.391842;3.391071;3.391633
11.898211;12.319394;12.532305;3.373989;3.373356;3.373656
11.784528;12.145734;12.351167;3.31973;3.318797;3.319184
11.785127;12.226006;12.445811;3.394869;3.394148;3.394486
11.803228;12.204356;12.412253;3.367143;3.366764;3.367051
11.742964;12.129792;12.330817;3.360672;3.359795;3.360502
11.885176;12.32054;12.540324;3.386308;3.385328;3.385703
11.872818;12.352273;12.574068;3.421284;3.420287;3.420943
11.701472;12.099743;12.308048;3.38995;3.389162;3.389639
11.824708;12.196912;12.403765;3.332854;3.332356;3.332491
11.950428;12.419827;12.646536;3.405583;3.404644;3.405416
11.760344;12.138249;12.343337;3.348395;3.347489;3.347744
11.75278;12.123899;12.329014;3.341209;3.340417;3.340738
11.807594;12.263957;12.48091;3.413183;3.412166;3.412772
11.773399;12.26636;12.490867;3.445075;3.443914;3.444518
11.778605;12.27586;12.503269;3.444452;3.443479;3.444149
11.778222;12.201647;12.414021;3.393114;3.391963;3.392899
11.820546;12.252738;12.468998;3.394652;3.393715;3.394514
11.853596;12.256917;12.467952;3.365875;3.364876;3.365711
11.924458;12.374087;12.596261;3.402761;3.401995;3.402809
11.636218;12.024019;12.22242;3.36315;3.362281;3.362885
11.873928;12.354267;12.576327;3.431184;3.430011;3.43085
11.761234;12.165092;12.37322;3.369471;3.368717;3.369129
11.846675;12.266728;12.480799;3.37582;3.375397;3.37574
11.826034;12.21736;12.428716;3.358641;3.357964;3.358336
11.843717;12.235031;12.441848;3.35936;3.358465;3.358854
11.789861;12.324808;12.550157;3.465278;3.464544;3.465188
11.816396;12.211019;12.422442;3.354505;3.35374;3.354125
11.837029;12.263395;12.47134;3.382778;3.38179;3.382459
11.780788;12.176081;12.387308;3.349983;3.349304;3.349732
11.831218;12.248843;12.460814;3.380203;3.379537;3.380071
11.792195;12.233768;12.45249;3.404967;3.404066;3.404884
11.776917;12.289134;12.504976;3.457538;3.45646;3.457308
11.808781;12.189957;12.393007;3.344363;3.343497;3.343636
11.812118;12.1866;12.389987;3.331256;3.330191;3.330571
11.81029;12.229289;12.440362;3.37545;3.374571;3.375035
11.865439;12.264958;12.471737;3.354367;3.353365;3.353933
11.687924;12.028279;12.226731;3.320405;3.319548;3.320102
11.692111;12.07175;12.278822;3.345681;3.344858;3.345126
11.644317;11.999577;12.200916;3.333943;3.33336;3.333884
11.703193;12.103164;12.312857;3.367374;3.36674;3.366793
11.858611;12.308322;12.528032;3.411738;3.410648;3.411289
11.783723;12.140882;12.34626;3.313912;3.313395;3.313674
11.961841;12.388084;12.603024;3.369606;3.368654;3.36932
11.900167;12.368649;12.591613;3.412699;3.411895;3.412147
11.784878;12.20101;12.410157;3.373408;3.37251;3.37332
11.990434;12.43964;12.655961;3.388514;3.38766;3.388355
11.720129;12.132255;12.341496;3.381335;3.380545;3.380987
11.646834;11.978176;12.177409;3.296322;3.295838;3.296228
11.893419;12.380714;12.604006;3.425697;3.424867;3.425304
11.846179;12.352204;12.580959;3.438501;3.437552;3.438165
11.761546;12.161748;12.367213;3.369537;3.368562;3.369382
11.617361;11.965239;12.166303;3.312788;3.31208;3.312532
11.678915;12.071266;12.27612;3.362235;3.361372;3.361872
11.933532;12.422493;12.652128;3.422854;3.422143;3.422824
11.781806;12.176226;12.384235;3.363894;3.362855;3.363573
11.663213;12.006273;12.203693;?;?;?
11.845744;12.228853;12.431942;3.351595;3.350764;3.351161
11.947993;12.372979;12.58682;3.377428;3.376715;3.377113
11.759178;12.174939;12.385068;3.379871;3.378766;3.379662
11.902431;12.371209;12.59605;3.412941;3.412161;3.41255
11.826881;12.368929;12.59345;3.465645;3.464594;3.465353
11.912932;12.320271;12.530881;3.370251;3.369348;3.369635
11.788504;12.164874;12.373652;3.336068;3.335427;3.335958
11.805892;12.216925;12.422178;3.378749;3.37767;3.378249
11.718339;12.129403;12.337089;3.38175;3.381129;3.381802
12.095294;12.604272;12.842887;3.425978;3.425266;3.425647
11.839228;12.24114;12.452277;3.365692;3.365071;3.365711
11.960555;12.444279;12.669434;3.423305;3.42229;3.422941
11.728331;12.09466;12.293687;3.338066;3.337107;3.337838
11.922987;12.465091;12.691957;3.460743;3.459976;3.460572
11.92158;12.344021;12.556944;3.37098;3.370458;3.370743
11.854851;12.259781;12.47048;3.359175;3.358508;3.358807
11.916074;12.415505;12.637593;3.435175;3.434499;3.435075
11.88973;12.359648;12.582153;3.414686;3.41385;3.414578
11.887999;12.365854;12.583023;3.430192;3.429499;3.430117
11.871785;12.308638;12.528374;3.389583;3.388512;3.389126
11.868536;12.311865;12.530206;3.39452;3.393469;3.394051
11.858068;12.355528;12.583635;3.43471;3.434003;3.434447
11.958205;12.521133;12.74933;3.458774;3.457693;3.458487
11.83089;12.241867;12.451392;3.368907;3.368354;3.368639
11.733936;12.099951;12.29993;3.335226;3.3345;3.334733
11.75629;12.114505;12.321522;3.315424;3.314567;3.315299
11.754654;12.178057;12.39221;3.395088;3.394439;3.394805
11.767088;12.201426;12.421614;3.404599;3.403827;3.404331
11.956238;12.570308;12.801997;3.490085;3.488904;3.489725
11.75142;12.16863;12.376451;3.381803;3.381047;3.381804
12.030679;12.538831;12.763308;3.430958;3.429999;3.430712
11.778564;12.298308;12.530315;3.441469;3.44047;3.441099
12.027826;12.563019;12.793524;3.451838;3.450964;3.451568
12.240428;12.659766;12.876004;3.348431;3.347785;3.348312
12.038857;12.515962;12.744963;3.406409;3.405365;3.406009
11.827699;12.315657;12.537463;3.424894;3.424492;3.424892
11.930309;12.374056;12.588466;3.388783;3.387909;3.388604
11.775002;12.123439;12.328835;3.306253;3.305498;3.306004
12.027533;12.47114;12.694581;3.384037;3.383347;3.383605
11.865145;12.290751;12.503487;3.377705;3.376963;3.377322
11.873558;12.296111;12.502575;3.381071;3.379938;3.380792
11.852179;12.274859;12.488774;3.392781;3.391901;3.392355
11.983859;12.553169;12.786675;3.462587;3.461903;3.462807
11.776122;12.170369;12.373227;3.355057;3.35456;3.354939
11.869368;12.311383;12.526293;3.390639;3.389617;3.390165
11.856058;12.261287;12.46984;3.367436;3.366612;3.367366
11.869923;12.271151;12.482279;3.362248;3.361201;3.361742
11.922029;12.408757;12.630889;3.42207;3.421187;3.421741
11.830387;12.329967;12.549335;3.43638;3.434883;3.436
11.846828;12.349501;12.575108;3.43384;3.432461;3.433118
11.940878;12.360747;12.570312;3.381796;3.380889;3.381648
11.59536;11.95182;12.154263;3.331015;3.330248;3.330929
11.837724;12.232804;12.441349;3.360482;3.359802;3.360012
11.946568;12.364702;12.577802;3.375377;3.374348;3.374726
11.737632;12.106537;12.312863;3.333684;3.333029;3.333293
11.703534;12.070427;12.274588;3.336659;3.336017;3.336426
11.712039;12.110227;12.314398;3.366302;3.36541;3.366087
11.949808;12.351047;12.564313;3.344578;3.343603;3.3443
11.79992;12.185033;12.388427;3.350613;3.349869;3.350313
?;?;?;?;?;?
11.789251;12.164574;12.367836;3.341081;3.340058;3.340839
11.835971;12.313973;12.535435;3.418049;3.416993;3.4177
?;?;?;?;?;?
11.798346;12.241859;12.457138;3.401255;3.400573;3.400918
?;?;?;?;?;?
11.820494;12.246839;12.461454;3.392349;3.391803;3.391869
?;?;?;?;?;?
11.952965;12.368626;12.580223;3.369185;3.368274;3.368932
?;?;?;?;?;?
11.899285;12.272464;12.483176;3.332069;3.331212;3.331553
?;?;?;?;?;?
11.854596;12.285881;12.494445;3.379786;3.37869;3.379158
?;?;?;?;?;?
11.856406;12.393274;12.622756;3.452997;3.451906;3.452384
?;?;?;?;?;?
11.910236;12.379733;12.594865;3.403363;3.402543;3.403282
?;?;?;?;?;?
11.805757;12.197475;12.408695;3.352073;3.351261;3.351795
?;?;?;?;?;?
11.877611;12.354399;12.573147;3.419951;3.41879;3.419627
?;?;?;?;?;?
11.948649;12.389352;12.598907;3.386178;3.385781;3.386115
?;?;?;?;?;?
11.797975;12.200121;12.407307;3.34345;3.342498;3.342934
?;?;?;?;?;?
11.797663;12.215478;12.426014;3.374889;3.373899;3.374488
?;?;?;?;?;?
11.896461;12.37989;12.601858;3.417837;3.416895;3.417476
?;?;?;?;?;?
11.677787;12.07994;12.286591;3.377498;3.37679;3.376937
?;?;?;?;?;?
11.910264;12.422868;12.651431;3.442262;3.441322;3.442237
?;?;?;?;?;?
11.88416;12.324705;12.546139;3.386646;3.385574;3.386339
?;?;?;?;?;?
11.710413;12.066854;12.269774;3.326017;3.325269;3.325558
?;?;?;?;?;?
11.89948;12.353263;12.578702;3.401655;3.400932;3.401318
?;?;?;?;?;?
11.821119;12.178024;12.380658;3.316616;3.315903;3.316383
?;?;?;?;?;?
11.750074;12.119304;12.327295;3.332814;3.332322;3.332329
?;?;?;?;?;?
11.74042;12.164842;12.37495;3.378179;3.377263;3.378046
?;?;?;?;?;?
11.9206;12.475183;12.7072;3.457399;3.456679;3.457028
11.734785;12.094943;12.29671;3.329747;3.329236;3.329359
11.872023;12.275668;12.487136;3.352675;3.351476;3.352085
?;?;?;?;?;?
11.936207;12.354003;12.572061;3.366293;3.365628;3.366071
11.998779;12.444919;12.660698;3.384146;3.383032;3.383727
12.002173;12.549944;12.780949;3.454272;3.453196;3.453956
11.946928;12.403635;12.626734;3.393248;3.392471;3.392788
11.826182;12.26065;12.479775;3.397001;3.396592;3.396659
11.781251;12.155231;12.360631;3.33435;3.333566;3.333811
11.819515;12.199867;12.408152;3.34119;3.340174;3.340955
11.787348;12.233055;12.454886;3.402945;3.401862;3.402454
11.740212;12.136993;12.346427;3.361055;3.360318;3.360743
11.82827;12.204868;12.413321;3.339134;3.338205;3.338638
11.911127;12.370646;12.596615;3.413536;3.412513;3.413633
11.837997;12.26325;12.474591;3.382588;3.381566;3.381927
11.866237;12.292343;12.502619;3.378418;3.377687;3.378391
11.891412;12.42049;12.648488;3.450989;3.44979;3.450526
11.769798;12.22742;12.445019;3.416111;3.415368;3.415991
11.904133;12.446579;12.672055;3.453279;3.452162;3.45285
11.687111;12.063547;12.267699;3.340279;3.339342;3.340297
11.733557;12.133187;12.343859;3.36666;3.365601;3.36616
11.881194;12.359509;12.583858;3.421463;3.420494;3.421553
11.843853;12.260114;12.476664;3.363581;3.362406;3.363017
11.755611;12.150746;12.352531;3.368921;3.368185;3.368482
11.882984;12.272865;12.482733;3.343328;3.342372;3.343168
11.829866;12.239335;12.44776;3.364598;3.363853;3.364067
11.889544;12.318423;12.531744;3.379507;3.378475;3.378924
11.817748;12.28781;12.507176;3.420014;3.419302;3.419943
11.981593;12.44678;12.673196;3.402881;3.402103;3.402582
11.787731;12.134559;12.340955;3.310388;3.309471;3.309587
11.80807;12.378185;12.609324;3.477264;3.476121;3.47681
11.944715;12.458003;12.68744;3.437426;3.436488;3.436856
11.835716;12.219289;12.427649;3.348953;3.348315;3.348938
12.017793;12.400449;12.608244;3.333266;3.332617;3.332944
11.769937;12.194608;12.406688;3.382252;3.381181;3.38176
11.958032;12.364237;12.573281;3.359548;3.358728;3.359011
11.938182;12.394314;12.616993;3.394722;3.393866;3.394182
11.822886;12.262879;12.487542;3.407445;3.406427;3.407009
11.798596;12.224821;12.44174;3.390072;3.389294;3.38985
11.879738;12.289152;12.499927;3.370171;3.369782;3.370066
11.771214;12.142206;12.350438;3.329376;3.327983;3.328391
11.946012;12.448074;12.679598;3.428231;3.426739;3.427631
12.035452;12.483009;12.706228;3.388124;3.387248;3.387789
11.824656;12.293601;12.512568;3.432338;3.431372;3.431873
11.868906;12.305538;12.516683;3.381945;3.380987;3.381774
11.874167;12.254297;12.457647;3.34183;3.341054;3.341801
11.734968;12.117944;12.32415;3.347533;3.346974;3.347448
11.841266;12.247712;12.454749;3.374408;3.373088;3.374258
12.052358;12.59691;12.831328;3.443202;3.442302;3.442669
11.889693;12.355491;12.576997;3.414698;3.413747;3.414141
11.934217;12.444552;12.674941;3.434272;3.43346;3.43413
11.851733;12.357217;12.580606;3.438313;3.437406;3.4377
11.796884;12.14746;12.350557;3.307304;3.306659;3.306797
11.826801;12.254583;12.476433;3.39363;3.392894;3.393292
11.898166;12.330552;12.551708;3.385612;3.384748;3.385133
11.78194;12.206807;12.421456;3.386815;3.385581;3.386019
11.78309;12.275953;12.502361;3.435468;3.434422;3.434821
11.987203;12.423169;12.635037;3.381505;3.380644;3.381083
11.832011;12.241038;12.452944;3.366568;3.36587;3.366202
11.820947;12.242088;12.452373;3.386492;3.385294;3.385999
11.894752;12.438492;12.666989;3.456102;3.455141;3.455633
11.928847;12.383099;12.606318;3.414396;3.413067;3.41368
11.993692;12.496099;12.72203;3.428504;3.427598;3.427838
11.950984;12.382298;12.594922;3.379172;3.378556;3.379009
11.903751;12.452432;12.67697;3.465387;3.464056;3.464706
11.970334;12.399829;12.618446;3.37356;3.372623;3.373227
11.98594;12.447929;12.674543;3.396388;3.395366;3.395949
11.892084;12.320864;12.538963;3.374571;3.373821;3.374251
11.793823;12.240473;12.459506;3.400795;3.399867;3.400159
12.073305;12.619854;12.853738;3.455186;3.454174;3.454921
11.852623;12.292853;12.513917;3.392133;3.391243;3.391916
11.851948;12.263573;12.474106;3.373457;3.372958;3.373495
11.772371;12.231297;12.451395;3.418209;3.417571;3.418061
12.057899;12.543324;12.773403;3.409894;3.40921;3.410088
11.739427;12.109654;12.317841;3.329924;3.329114;3.329464
11.860085;12.248693;12.458883;3.340696;3.339726;3.34049
11.94265;12.505084;12.734128;3.463267;3.462103;3.462752
11.868964;12.345741;12.570386;3.421702;3.421006;3.421263
11.926881;12.361885;12.578749;3.381389;3.380539;3.381177
11.728486;12.178434;12.397976;3.411009;3.410122;3.411006
11.858824;12.322086;12.543295;3.415565;3.414727;3.415621
11.941327;12.499125;12.732445;3.47186;3.471162;3.471636
11.783744;12.186869;12.395627;3.364576;3.363451;3.364052
11.860261;12.326493;12.550046;3.410354;3.409557;3.410198
11.710896;12.136412;12.353484;3.394663;3.394248;3.394567
?;?;?;?;?;?
11.785954;12.277046;12.495487;3.431081;3.430298;3.430803
11.775409;12.192822;12.397876;?;?;?
11.708906;12.122292;12.331567;3.370173;3.369151;3.369848
11.80185;12.308424;12.533321;3.435403;3.434492;3.43482
11.773252;12.226179;12.451203;3.41902;3.418298;3.41873
11.918829;12.465984;12.696828;3.457919;3.45675;3.457296
11.874205;12.289368;12.50205;3.374013;3.373378;3.373884
11.774168;12.189988;12.399912;?;?;?
?;?;?;?;?;?
11.778685;12.167948;12.370084;3.355029;3.354216;3.354763
11.928987;12.476933;12.70716;3.455435;3.454762;3.455181
11.697009;12.044234;12.2444;3.314957;3.314314;3.314759
11.765293;12.180394;12.385185;3.378073;3.377256;3.377848
11.877519;12.330641;12.554832;3.412764;3.411807;3.412382
11.82326;12.269056;12.486323;3.405021;3.404057;3.404837
11.862937;12.34463;12.565127;?;?;?
11.874041;12.348655;12.56986;3.417137;3.416435;3.41668
11.737393;12.181961;12.401754;3.418723;3.417605;3.417947
11.910275;12.375539;12.59655;3.412091;3.411426;3.411838
11.954762;12.374683;12.588143;3.374689;3.373775;3.374131
11.899094;12.322685;12.532895;?;?;?
?;?;?;?;?;?
?;?;?;?;?;?
?;?;?;?;?;?
?;?;?;?;?;?
?;?;?;?;?;?
?;?;?;?;?;?
?;?;?;?;?;?
?;?;?;?;?;?
?;?;?;?;?;?
?;?;?;?;?;?
?;?;?;?;?;?
?;?;?;?;?;?
?;?;?;?;?;?
?;?;?;?;?;?
?;?;?;?;?;?
?;?;?;?;?;?
?;?;?;?;?;?
?;?;?;?;?;?
?;?;?;?;?;?
?;?;?;?;?;?
?;?;?;?;?;?
?;?;?;?;?;?
?;?;?;?;?;?
11.798558;12.241655;12.458248;3.404936;3.403893;3.404409
?;?;?;?;?;?
